Ekran Boyutu,Ekran Kartı,Ekran Kartı Hafızası,Ekran Yenileme Hızı,Klavye,Panel Tipi,Ram (Sistem Belleği),Ram (Sistem Belleği) Tipi,SSD Kapasitesi,Çözünürlük,Çözünürlük Standartı,İşlemci Modeli,İşlemci Tipi,İşlemci Çekirdek Sayısı,İşletim Sistemi,price,marka
6,10,3,1,1,2,2,0,0,1,1,8,4,7,0,29999.0,9
2,3,3,1,6,2,0,0,4,1,1,8,4,7,0,29999.0,9
2,9,3,1,8,2,2,0,0,1,1,10,3,7,0,25599.0,2
2,16,5,1,6,2,2,0,0,1,1,14,4,0,0,37199.0,9
2,9,3,1,0,2,0,0,5,1,1,15,4,6,0,29999.0,1
2,15,4,1,3,2,0,1,5,1,1,11,3,1,0,29879.9,0
2,16,5,1,4,2,2,0,0,1,1,10,3,7,0,34299.0,9
2,0,3,1,1,2,0,0,5,1,1,37,0,6,0,23199.0,6
2,16,5,1,6,2,5,0,0,1,1,14,4,0,0,37399.0,2
2,10,3,1,4,2,2,0,0,1,1,8,4,7,0,28699.0,9
4,16,5,1,2,2,0,1,0,1,1,33,1,7,0,36199.0,6
2,9,3,1,1,6,0,0,5,1,1,14,4,0,0,30171.0,8
2,9,4,1,0,2,0,0,0,1,1,24,4,2,0,29599.0,6
4,16,5,1,1,2,2,1,0,1,1,24,4,2,0,42999.0,6
2,17,5,1,4,6,0,0,0,1,1,14,4,7,0,46999.0,8
2,15,4,1,4,2,2,0,0,1,1,10,3,7,0,29999.0,9
2,8,3,1,2,2,6,0,5,1,1,6,3,6,0,24750.0,1
5,19,1,3,6,2,5,1,1,5,3,29,5,4,0,138999.0,9
6,15,4,1,4,2,0,0,0,1,1,24,4,2,0,34199.0,9
2,16,5,1,6,2,0,1,5,1,1,47,1,7,0,35999.0,7
2,15,4,1,4,2,2,0,0,1,1,24,4,2,0,35499.0,9
2,9,3,1,4,2,6,0,5,1,1,10,3,7,2,23208.76,0
6,15,4,1,4,2,2,0,0,1,1,24,4,2,0,37699.0,9
2,20,4,1,4,2,2,0,0,1,1,8,4,7,0,30199.0,9
2,17,5,1,4,2,0,1,5,1,1,26,5,0,0,54499.0,8
6,10,3,2,4,6,0,0,5,1,1,1,3,6,0,26999.0,0
2,16,5,1,3,2,2,0,0,1,1,14,4,0,0,35499.0,2
2,15,0,1,0,2,6,0,5,1,4,36,3,3,0,28488.75,8
4,10,3,1,4,2,0,1,5,1,1,40,0,6,0,25999.0,6
2,9,3,1,7,2,6,1,5,1,1,40,0,6,0,22799.0,0
2,8,3,6,1,6,6,0,5,1,1,5,3,6,0,23499.0,8
3,9,3,2,4,0,0,1,5,2,7,40,0,6,0,23999.0,7
2,10,3,1,1,2,6,0,5,1,1,11,3,1,0,24775.0,0
3,15,4,2,3,2,6,1,5,2,7,44,0,6,0,28199.0,0
2,9,3,0,4,2,0,0,5,1,1,10,3,1,0,24999.0,7
3,9,3,6,5,2,6,0,5,2,7,10,3,7,2,23999.0,1
2,16,5,2,3,2,6,1,0,1,1,15,4,2,0,33990.0,0
2,9,4,1,0,2,6,1,5,1,1,10,3,7,2,25999.0,7
2,8,3,1,0,2,6,0,5,1,1,6,3,6,2,23999.0,1
2,9,3,1,6,2,6,0,5,1,1,10,3,7,0,22950.0,0
4,15,4,1,6,2,0,1,5,1,1,47,1,7,0,30799.0,6
4,17,5,3,6,2,2,1,0,4,2,47,1,7,0,49999.0,6
6,9,4,1,4,2,2,0,0,1,1,20,3,1,0,30999.0,9
2,15,4,1,6,6,6,0,5,1,1,44,0,7,0,34464.0,8
4,16,5,1,1,2,0,1,0,1,1,20,3,1,0,36099.0,6
2,16,5,1,6,2,2,0,0,1,1,10,3,7,0,32899.0,2
2,15,3,1,4,6,0,0,0,1,1,3,4,4,0,49999.0,8
4,17,5,1,1,2,0,1,0,1,1,24,4,2,0,45599.0,6
3,16,5,2,2,2,0,1,5,2,0,23,4,7,0,51405.32,1
3,15,4,2,8,2,0,1,5,2,7,23,4,2,0,41299.0,1
2,15,4,1,4,2,0,0,0,1,1,10,3,7,0,28699.0,9
4,16,5,1,2,2,2,1,0,1,1,47,1,7,0,41499.0,6
2,16,5,2,4,2,0,1,0,1,1,23,4,2,0,40609.0,3
2,9,3,2,1,2,0,2,5,1,1,4,4,5,0,31999.0,7
2,13,5,1,3,2,2,1,0,1,1,41,1,7,0,35849.0,0
2,15,4,1,6,2,2,0,0,1,1,10,3,7,0,29699.0,2
2,16,5,1,6,2,2,0,0,1,1,14,4,0,2,39999.0,9
2,20,4,2,8,2,0,0,5,1,1,11,3,1,0,27999.0,7
2,20,4,1,4,2,0,0,5,1,1,6,3,1,0,30349.0,8
2,10,3,0,1,2,0,0,5,1,1,10,3,7,0,25718.0,7
2,15,4,1,1,2,0,1,5,1,1,46,1,7,0,32799.0,1
2,16,5,1,4,2,0,1,5,1,1,46,1,3,0,42999.0,1
4,15,4,1,3,2,0,1,0,1,1,24,4,2,0,36099.0,6
3,18,0,1,1,2,0,1,0,2,0,25,4,3,2,71999.0,8
4,15,3,1,2,2,0,1,5,1,1,39,0,6,0,33499.0,6
2,15,4,1,1,2,2,1,5,1,1,46,1,7,0,33999.0,1
2,16,5,1,4,2,2,0,0,1,1,10,3,7,0,34299.0,9
2,9,4,0,1,7,0,1,5,1,1,23,4,4,0,33999.0,3
2,9,3,1,1,7,6,0,5,1,1,11,3,1,0,25649.0,1
2,10,3,1,0,6,6,0,4,1,1,8,4,7,0,27099.0,9
2,10,3,0,8,2,6,0,2,1,1,1,3,5,0,23499.0,7
3,15,4,2,3,2,0,1,5,2,0,23,4,2,0,41299.0,1
2,16,5,1,6,2,0,1,5,1,1,46,1,7,0,39999.0,1
4,18,0,2,6,2,2,1,0,1,1,25,4,3,0,68999.0,6
4,17,5,1,2,2,0,1,5,1,1,47,1,7,0,43489.0,6
2,3,3,1,8,2,6,0,4,1,1,10,3,7,2,23999.0,2
4,16,5,1,3,2,0,1,0,1,1,47,1,7,0,36799.0,6
2,8,3,1,3,2,6,1,2,1,1,10,3,7,0,21999.0,0
4,16,5,1,1,2,0,1,5,1,1,47,1,7,0,35609.0,6
2,15,4,1,4,2,0,0,0,1,1,10,3,7,0,34150.0,8
2,9,3,1,8,2,0,0,5,1,1,15,4,2,0,31999.0,1
2,15,4,1,0,1,0,0,5,1,1,14,4,0,0,38999.0,8
3,20,4,1,0,2,0,1,5,5,6,40,0,6,0,26841.43,7
2,17,5,1,3,2,0,1,5,1,1,49,2,7,0,47499.0,1
7,17,5,3,8,2,0,1,0,5,6,29,5,4,0,71699.0,1
2,9,3,1,4,2,6,0,5,1,1,6,3,6,0,27252.0,1
2,15,4,2,1,2,0,1,5,1,1,23,4,2,0,35409.0,3
6,16,5,2,1,7,0,1,0,4,2,25,4,3,0,50499.0,6
2,16,5,1,0,1,0,1,5,1,1,23,4,2,0,43999.0,3
3,16,5,0,2,2,2,0,0,2,6,26,5,2,0,49999.0,1
4,16,5,1,2,2,0,1,0,1,1,24,4,2,0,40499.0,6
4,16,5,2,1,2,2,1,0,1,1,25,4,3,0,45899.0,6
2,16,5,1,3,2,0,0,5,1,1,14,4,0,0,41999.0,8
2,9,3,1,3,2,0,1,5,1,1,42,1,7,0,31999.0,1
2,8,3,1,3,2,0,0,0,1,1,6,3,6,2,32179.0,1
2,16,5,1,4,2,0,1,5,1,1,10,3,7,0,34999.0,7
2,8,3,1,3,2,0,0,0,1,1,10,3,7,0,24589.0,2
2,20,3,0,8,2,0,0,0,1,1,10,3,7,0,29459.0,7
3,19,1,2,8,2,5,1,1,5,5,27,5,4,0,106899.0,2
2,16,5,1,4,2,0,0,5,1,1,11,3,1,0,30499.0,5
2,15,4,1,6,2,2,0,0,1,1,14,4,0,0,32899.0,2
2,14,5,1,6,2,0,0,0,1,1,38,1,7,0,33999.0,0
2,10,3,1,1,2,2,0,0,1,1,8,4,7,2,31499.0,9
2,9,3,1,0,1,0,0,5,1,1,10,3,7,2,29299.0,8
2,16,5,1,6,2,6,1,5,1,1,46,1,7,2,38930.0,1
2,15,4,1,0,2,6,1,5,1,1,46,1,7,0,29399.0,1
2,5,2,1,0,2,0,0,2,1,1,2,3,5,0,18799.0,7
4,15,4,1,1,2,0,1,5,1,1,20,3,1,0,30999.0,6
2,9,3,1,0,2,0,0,5,1,1,37,0,6,0,24999.0,1
2,8,3,1,7,2,6,0,5,1,1,10,3,5,2,24899.0,8
3,15,4,2,0,2,0,0,5,2,7,15,4,2,0,42799.0,1
6,9,3,1,0,2,0,0,0,1,1,15,4,2,0,45999.0,8
4,10,3,1,4,2,0,0,0,1,1,11,3,6,0,29000.0,6
2,15,4,1,7,2,6,0,5,1,1,11,3,1,0,27999.0,5
2,3,3,0,1,2,6,0,5,1,1,1,3,5,0,22399.0,7
2,16,5,1,6,2,0,0,0,1,1,10,3,7,0,32199.0,2
2,15,4,1,3,2,6,1,5,1,1,10,3,1,0,26999.0,0
4,17,5,1,0,1,0,1,0,1,1,47,1,7,2,54999.0,6
2,9,3,6,0,6,6,0,5,1,1,5,3,6,0,26937.0,8
2,15,4,1,3,2,0,1,0,1,1,46,1,7,2,35400.0,1
2,9,3,1,0,2,0,0,0,1,1,6,3,6,2,31150.0,1
2,8,3,1,1,6,6,2,5,1,1,6,3,1,0,23750.0,8
6,16,5,1,3,2,0,1,0,1,1,14,4,0,0,56999.0,8
2,15,4,1,3,6,0,0,5,1,1,10,3,1,0,31999.0,8
3,19,1,3,7,2,2,1,0,5,3,28,5,4,2,161300.0,8
3,12,5,2,3,2,2,1,0,5,6,41,1,7,0,46999.0,7
2,3,3,0,1,2,0,0,5,1,1,1,3,5,0,23286.0,7
6,17,5,1,4,2,2,1,0,1,1,14,4,6,0,57999.0,8
6,17,5,1,3,7,0,1,5,1,1,26,5,2,0,55492.62,8
2,10,3,1,4,1,6,1,5,1,1,40,0,6,0,23300.0,0
2,9,3,1,7,2,6,1,5,1,1,40,0,6,0,22799.0,0
6,15,4,1,4,2,2,0,0,1,1,20,3,1,0,34999.0,9
2,16,5,2,1,2,0,1,0,1,1,15,4,2,0,38999.0,0
2,20,4,0,1,7,0,0,5,1,1,10,3,7,0,29999.0,7
4,20,4,2,0,2,0,1,0,4,2,15,4,2,0,39809.0,6
2,15,4,1,6,2,6,1,5,1,1,11,3,1,2,37699.0,0
2,9,3,1,0,2,2,1,0,1,1,41,1,7,2,43999.0,1
6,16,5,1,4,2,2,1,0,1,1,26,5,2,2,61239.0,8
2,16,5,1,4,2,0,0,5,1,1,46,1,3,0,37999.0,8
2,9,3,1,8,2,6,0,5,1,1,6,3,6,0,33333.0,1
5,16,5,3,6,2,2,1,0,5,3,25,4,3,2,69999.0,9
2,16,5,1,6,2,2,0,0,1,1,14,4,0,0,35999.0,2
6,20,4,1,1,6,2,0,0,1,1,14,4,0,0,45624.0,8
6,20,4,1,1,6,0,0,0,1,1,14,4,0,0,43249.0,8
6,15,4,1,4,2,0,0,4,1,1,20,3,1,0,32999.0,9
2,10,3,1,8,2,0,0,5,1,1,6,3,6,0,29500.0,1
4,15,4,1,1,2,0,1,0,1,1,24,4,2,0,37499.0,6
2,8,3,1,6,2,0,0,5,1,1,6,3,6,2,25799.0,1
2,9,3,0,4,2,6,0,5,1,1,1,3,5,0,23799.0,7
3,17,5,2,3,2,0,1,0,2,0,23,4,2,0,55499.0,1
5,19,1,3,6,2,5,1,3,5,3,29,5,4,2,134999.0,9
0,10,3,0,7,2,0,3,0,2,0,17,5,2,2,41610.0,1
6,17,5,3,6,2,0,1,0,4,5,48,2,1,0,65999.0,1
6,17,5,1,1,6,2,1,0,1,1,26,5,4,2,69599.0,8
2,15,4,1,4,2,0,0,0,1,1,24,4,2,0,33699.0,9
3,18,5,2,1,7,0,1,0,5,3,27,4,4,2,59999.0,3
2,9,3,1,4,2,0,0,5,1,1,10,3,7,0,28999.0,8
2,15,4,1,3,2,0,1,0,1,1,46,1,7,0,34450.0,1
2,15,4,1,4,2,0,0,5,1,1,11,3,1,0,28699.0,6
2,9,3,1,0,2,2,0,0,1,1,6,3,6,2,32400.0,1
6,19,1,3,1,2,5,1,3,4,2,27,5,4,2,158399.48,6
3,19,1,3,1,2,2,1,1,4,2,26,5,2,2,158575.0,1
4,17,5,1,2,2,2,1,0,1,1,24,4,2,0,50999.0,6
2,9,3,1,2,2,0,0,0,1,1,15,4,2,0,32499.0,1
6,17,5,3,7,2,5,1,3,5,2,27,5,4,2,94999.0,8
2,9,3,1,3,2,2,0,0,1,1,6,3,6,0,30720.0,1
2,3,3,6,0,2,6,0,5,1,1,5,3,6,0,33999.0,8
4,17,5,1,1,2,0,1,0,1,1,24,4,2,0,45899.0,6
3,17,5,2,4,2,2,0,0,5,2,24,4,2,2,65499.0,9
2,16,5,1,6,2,2,0,1,1,1,14,4,0,0,36999.0,2
2,8,3,1,1,6,6,1,2,1,1,10,3,7,2,20900.0,0
2,15,4,1,4,2,2,0,0,1,1,10,3,7,2,33199.0,9
2,12,5,1,8,2,0,0,5,1,1,8,4,7,0,36154.8,0
2,9,3,1,3,3,0,0,5,1,1,7,4,5,1,26599.0,0
6,17,5,1,1,2,5,1,0,1,1,14,4,0,2,71199.0,8
6,15,4,1,1,2,0,1,0,1,1,14,4,0,0,52389.0,8
2,9,3,1,0,2,0,0,0,1,1,6,3,6,0,27000.0,0
2,9,3,1,7,2,0,1,5,1,1,40,0,6,0,24699.0,0
2,9,3,1,1,2,0,0,5,1,2,6,3,6,2,25750.0,0
2,16,5,1,6,2,2,1,0,1,1,46,1,7,2,44999.0,1
4,10,3,1,4,2,6,1,5,1,1,40,0,6,0,24999.0,6
2,16,5,1,6,2,2,0,4,1,1,10,3,7,0,32699.0,2
4,15,4,1,1,2,0,1,0,1,1,47,1,7,0,34399.0,6
4,15,3,1,2,2,0,1,5,1,1,24,4,2,0,34719.0,6
6,16,5,1,4,2,0,1,0,1,1,14,4,0,2,63000.0,8
4,16,5,1,1,2,0,1,5,1,1,45,0,6,0,33999.0,6
2,8,3,1,3,2,0,0,4,1,1,10,3,7,0,23999.0,2
2,3,3,1,8,2,2,0,0,1,1,10,3,7,0,23999.0,2
3,15,4,2,3,2,0,1,5,2,7,44,0,6,0,29199.0,0
3,16,5,3,1,2,0,1,0,5,2,24,4,2,2,69999.0,8
2,9,3,1,1,2,0,0,5,1,1,15,4,1,0,36325.0,1
3,17,5,2,3,2,1,1,0,5,1,27,5,4,0,58999.0,0
4,16,5,1,6,2,0,1,5,1,1,20,3,1,2,35999.0,6
2,15,4,1,0,2,0,1,5,1,1,22,4,0,0,33199.0,0
2,16,5,2,3,2,0,1,5,1,1,15,4,2,0,36999.0,0
4,15,4,1,1,2,0,1,5,1,1,18,3,7,0,37499.0,6
2,16,5,1,1,2,0,0,5,1,1,14,4,3,2,44999.0,8
3,16,5,2,6,2,2,1,0,5,5,25,4,3,0,48899.0,2
2,9,4,1,4,2,6,0,5,1,1,39,3,1,0,25500.0,6
2,0,3,1,0,4,0,1,5,1,1,37,0,6,2,23999.0,6
2,13,5,1,3,2,0,1,5,1,1,41,1,7,0,33599.9,0
2,15,4,1,4,2,2,0,0,1,1,24,4,2,2,43999.0,9
4,16,5,1,1,2,2,1,0,1,1,47,1,7,0,41999.0,6
2,15,4,1,1,6,6,0,5,1,1,10,3,7,0,29999.0,8
2,20,4,0,1,2,6,0,5,1,1,10,3,7,0,26999.0,7
6,17,5,3,7,2,2,1,1,5,3,27,5,4,2,84599.0,8
2,10,3,1,0,2,0,0,5,1,1,41,1,7,0,35199.99,1
7,17,5,3,1,2,0,1,0,5,3,29,5,4,0,71699.0,1
6,15,4,4,3,2,0,0,5,1,1,11,3,1,0,39999.0,5
4,16,5,6,2,2,0,1,5,1,1,20,3,2,0,42499.0,6
2,16,5,1,6,2,2,0,1,1,1,10,3,7,0,34989.0,2
2,15,4,1,6,2,0,0,0,1,1,10,3,7,0,31149.0,2
2,9,3,1,8,2,0,0,0,1,1,14,4,0,0,27599.0,2
3,17,5,1,1,2,0,1,5,1,1,24,4,2,0,45699.0,6
6,17,5,3,2,2,0,1,0,4,5,48,2,1,0,66499.0,1
2,14,5,1,6,2,2,0,0,1,1,38,1,7,0,36899.0,0
2,9,3,1,8,2,6,0,5,1,1,6,3,6,0,28999.0,1
2,9,3,1,8,2,2,1,5,1,1,42,1,7,0,35509.0,1
3,13,5,2,7,2,0,1,5,5,6,41,1,7,2,43800.0,7
2,9,3,1,0,2,0,0,5,1,1,15,4,2,0,38599.0,1
2,15,4,1,4,2,6,1,5,1,1,46,1,3,0,32989.0,1
4,20,4,1,0,2,0,0,0,1,1,38,1,7,0,33999.0,6
6,16,5,4,2,0,0,0,5,1,1,11,3,1,0,43999.0,5
3,17,5,2,4,2,2,0,0,5,2,24,4,2,0,59999.0,9
2,1,2,1,0,2,6,0,5,1,1,9,3,0,0,19199.99,6
3,15,4,1,3,2,0,1,5,1,1,45,0,6,0,30869.8,6
6,15,4,1,4,2,0,0,4,1,1,24,4,2,0,39699.0,9
6,15,4,1,4,2,0,0,0,1,1,24,4,2,2,44599.0,9
4,17,5,3,3,2,2,1,0,4,2,24,4,2,0,54999.0,6
2,15,4,1,4,2,0,1,5,1,1,10,3,7,0,29999.0,7
1,19,1,2,7,2,2,1,0,5,2,49,2,1,2,151950.0,1
4,17,5,2,1,2,0,1,0,1,1,25,4,3,0,53999.0,6
2,10,3,0,4,2,0,0,0,1,1,10,3,7,0,28099.0,7
7,19,1,3,6,2,2,1,1,5,3,29,5,4,2,149999.0,1
2,16,5,1,6,2,5,0,1,1,1,14,4,0,2,45999.0,2
4,17,5,1,2,2,2,1,0,1,1,47,1,7,0,48499.0,6
3,9,4,1,3,2,0,1,0,1,1,47,1,7,0,29399.0,6
6,17,5,3,7,2,5,1,1,5,3,27,5,4,2,89999.0,8
2,9,3,1,1,2,1,0,0,1,2,6,3,6,2,27260.0,0
6,16,5,1,3,2,0,0,0,1,1,24,4,2,0,63000.0,8
3,18,0,2,8,2,0,1,0,2,7,23,4,2,0,69499.0,1
2,9,3,1,1,2,2,0,0,1,1,15,4,2,2,37535.77,1
2,12,5,1,0,2,2,0,0,4,1,15,4,2,2,129999.0,8
2,9,3,1,1,2,0,0,0,1,1,15,4,2,2,36211.34,1
4,15,4,2,1,2,0,1,0,1,1,25,4,3,0,43799.0,6
3,16,5,2,1,2,0,1,5,5,3,23,4,2,1,45499.0,3
4,9,4,1,1,2,0,1,5,1,1,47,1,7,0,30499.0,6
2,9,3,2,8,2,0,0,5,1,1,1,3,5,2,27982.0,7
2,9,3,1,1,6,0,0,5,1,1,14,4,0,2,36399.99,8
2,9,3,1,8,2,2,1,0,1,1,42,1,7,0,35999.0,1
3,17,5,2,8,2,5,1,1,5,5,27,5,4,0,65899.0,2
2,16,5,2,1,2,2,1,0,1,1,27,5,4,0,51279.99,3
2,15,4,1,0,2,0,1,5,1,1,18,3,7,0,30999.0,0
3,18,0,3,3,2,2,1,0,5,2,27,5,4,0,83999.0,0
2,15,4,1,4,2,0,0,5,1,1,11,3,3,0,29899.0,6
2,16,5,2,3,2,2,1,0,1,1,15,4,2,0,44899.0,0
2,15,4,1,0,2,0,0,4,1,1,10,3,7,2,32999.0,2
2,8,3,1,0,2,6,0,5,1,1,6,3,6,0,26944.0,1
4,17,5,1,3,2,0,1,5,1,1,24,5,2,0,47713.81,6
2,10,3,0,6,2,2,0,5,1,1,14,4,0,0,33705.32,7
6,20,4,1,1,6,0,0,5,1,1,14,4,0,0,41749.0,8
2,20,4,1,4,2,2,0,0,1,1,8,4,7,2,36999.0,9
7,18,0,3,8,2,2,1,0,5,3,29,5,4,0,90599.0,1
2,9,3,0,1,2,0,0,5,1,1,1,3,5,0,24834.03,7
2,10,3,0,1,2,0,0,0,1,1,38,1,7,0,28989.58,7
2,16,5,2,1,7,0,1,5,1,1,23,4,2,0,43087.81,3
2,15,4,1,0,2,1,1,5,1,1,22,4,0,0,33999.0,0
2,13,5,1,3,2,0,1,0,1,1,41,1,7,0,35349.0,0
2,10,3,1,4,2,0,0,4,1,1,8,4,7,0,28799.0,9
2,10,3,1,4,2,2,0,4,1,1,8,4,7,0,30699.0,9
3,18,0,3,0,2,2,1,0,5,2,29,5,7,0,94999.0,1
2,9,3,1,1,6,2,0,5,1,1,14,4,0,2,39999.0,8
2,15,4,1,4,2,6,0,4,1,1,10,3,7,0,29999.0,9
6,20,4,1,1,6,0,0,5,1,1,14,4,0,0,49999.0,8
2,6,2,1,0,2,0,0,2,1,1,2,3,5,0,18712.0,7
4,9,4,1,2,2,2,1,0,1,1,24,4,2,0,33999.0,6
2,9,3,0,1,2,6,0,5,1,1,10,3,7,0,24630.0,7
2,10,3,1,0,2,6,0,5,1,1,34,0,6,2,29500.0,1
3,19,1,2,8,2,2,1,0,5,5,27,5,4,0,101899.0,2
2,20,4,0,0,2,0,1,5,1,1,53,1,7,2,37999.0,3
2,17,5,1,4,6,2,1,0,1,1,14,4,0,2,55889.0,8
2,10,3,0,6,2,2,0,0,1,1,14,4,0,0,35077.05,7
2,9,3,1,7,2,0,1,5,1,1,40,0,6,0,24699.0,0
2,15,4,1,6,2,2,0,1,1,1,10,3,7,0,32499.0,2
2,16,5,1,6,2,0,0,0,1,1,14,4,0,2,40499.0,9
2,15,4,1,4,2,2,0,0,1,1,20,3,1,0,35999.0,9
3,17,5,2,8,2,2,1,0,5,5,27,5,4,0,63499.0,2
2,9,3,1,1,2,2,0,0,1,1,15,4,2,0,35643.73,1
2,7,2,0,5,0,6,0,5,1,1,9,3,0,0,21515.5,3
5,17,5,3,1,2,2,1,1,5,3,29,5,4,2,84499.0,8
2,16,5,1,4,2,0,1,5,1,1,47,1,7,0,37192.0,7
4,17,5,1,2,2,0,1,0,1,1,24,4,2,0,45869.0,6
2,15,4,1,4,2,0,0,4,1,1,10,3,7,0,30145.0,9
2,9,3,1,1,2,2,1,0,1,1,40,0,6,0,29949.0,0
2,3,3,0,1,2,2,0,5,1,1,1,3,5,0,24541.61,7
2,16,5,1,6,2,0,0,4,1,1,10,3,7,0,33999.0,2
2,17,5,1,4,2,0,1,5,1,0,49,2,7,0,51489.0,1
3,17,5,2,4,2,5,0,0,5,2,24,4,2,2,70999.0,9
2,16,5,1,6,2,0,0,0,1,1,14,4,0,0,39899.0,9
2,9,3,1,8,2,6,0,4,1,1,10,3,7,2,26799.0,2
4,15,4,1,1,2,0,1,5,1,1,24,4,2,0,35999.0,6
2,16,5,1,6,2,2,0,4,1,1,14,4,0,0,36799.0,2
2,16,5,1,6,2,0,0,4,1,1,14,4,0,0,35599.0,2
2,15,4,1,6,2,2,0,0,1,1,14,4,0,2,39999.0,2
6,19,1,3,1,2,2,1,0,4,2,27,5,4,0,94999.0,6
2,15,4,1,1,1,0,1,5,1,2,52,4,6,0,42999.0,7
2,8,3,1,4,2,6,0,5,1,1,6,3,1,2,26195.88,1
2,3,3,0,1,2,0,0,0,1,1,1,3,5,0,24362.24,7
3,19,1,2,8,2,5,1,0,5,5,27,5,4,0,105199.0,2
2,9,3,1,1,6,0,0,5,1,1,14,4,0,2,36484.0,8
2,20,4,0,1,2,0,0,5,1,1,10,3,7,0,28682.02,7
2,20,4,0,4,2,0,0,5,1,1,38,1,7,0,33999.0,7
4,16,5,1,3,2,2,1,0,1,1,24,4,2,0,45159.96,6
6,17,5,2,1,2,0,1,0,1,1,25,4,3,0,56999.0,6
2,15,4,1,3,2,6,1,5,1,1,46,1,3,2,34999.0,1
5,17,5,3,6,2,5,1,1,5,3,28,5,4,0,97899.0,9
2,20,4,1,1,2,0,1,5,1,1,14,4,0,0,40499.0,1
4,10,3,1,4,2,6,1,5,1,1,41,1,7,0,27999.0,6
2,16,5,1,6,2,5,0,0,1,1,14,4,0,2,51699.0,9
2,16,5,1,1,2,0,1,5,1,1,24,4,2,0,40579.0,6
2,9,3,1,2,2,6,0,5,1,1,11,3,1,0,26499.0,1
4,15,4,1,1,2,6,1,5,1,1,24,4,2,0,35983.42,6
2,16,5,1,3,1,2,0,0,1,1,18,3,7,0,37099.0,2
2,15,4,0,1,2,0,1,0,1,1,46,1,7,0,33685.6,7
2,10,3,0,4,2,0,0,5,1,1,1,3,5,0,28779.0,7
2,15,4,1,3,2,2,1,0,1,1,46,1,7,0,38999.0,1
2,10,3,0,6,2,0,0,5,1,1,14,4,0,0,32137.63,7
4,17,0,3,2,2,2,1,0,4,2,27,5,4,0,69999.0,6
2,8,3,1,0,2,0,0,5,1,1,6,3,6,0,29601.0,1
2,10,3,0,6,2,0,0,0,1,1,1,3,5,0,26476.0,7
4,15,4,1,1,2,2,1,0,1,1,24,4,2,0,40499.0,6
2,16,5,1,3,1,2,0,0,1,1,18,3,7,2,39299.0,2
3,16,5,2,1,7,2,1,0,5,3,25,4,3,1,47199.0,3
2,10,3,0,3,2,0,1,5,1,1,41,1,3,0,28299.0,7
2,8,3,1,3,2,0,0,4,1,1,10,3,7,2,27699.0,2
3,15,4,0,2,1,0,0,0,2,7,20,3,1,0,34999.0,1
6,20,4,1,3,2,0,1,5,1,1,15,4,2,0,40499.0,0
2,15,4,1,1,2,6,1,5,1,1,18,3,7,0,29799.0,0
2,10,3,1,8,2,0,0,5,1,1,35,1,7,0,42999.0,1
6,13,5,1,3,2,0,1,5,1,1,41,1,7,0,45540.0,0
2,16,5,1,3,1,5,0,1,1,1,18,3,7,2,45399.0,2
2,15,4,1,0,2,0,1,0,1,1,46,1,7,0,36100.0,1
7,19,1,3,8,2,2,1,1,5,6,29,5,4,0,122499.0,1
2,17,5,1,6,6,0,1,0,1,1,14,4,0,2,55599.0,8
2,9,3,1,0,2,0,0,5,1,1,6,3,6,2,28999.0,1
6,14,5,4,8,2,0,1,0,1,1,17,5,2,0,86999.0,1
2,15,4,1,1,2,2,0,0,1,1,11,3,1,2,39549.0,6
4,13,5,1,1,2,2,1,0,1,1,43,2,7,2,59999.0,6
2,10,3,2,0,2,0,0,5,1,1,11,3,1,0,33888.0,7
6,14,5,4,0,2,2,0,0,1,1,38,1,7,0,57999.0,0
2,15,4,1,1,2,0,0,5,1,1,11,3,1,2,36449.0,6
2,8,3,1,6,2,6,0,0,1,1,6,3,6,2,26439.0,1
2,15,4,1,6,2,0,0,4,1,1,10,3,7,0,28999.0,2
5,19,1,3,6,2,2,1,0,5,3,29,5,4,2,125999.0,9
3,15,4,2,3,2,2,1,0,2,0,23,4,2,0,51097.17,1
2,9,3,1,1,2,0,1,0,1,1,40,0,6,0,29199.0,0
2,15,4,1,1,2,6,0,5,1,1,15,4,2,2,38999.0,1
2,9,3,1,6,2,0,0,5,1,1,6,3,6,0,31561.61,1
6,15,4,1,4,2,6,0,4,1,1,24,4,2,0,38899.0,9
6,16,5,1,8,2,2,1,0,1,1,24,4,2,0,45897.03,4
3,17,5,2,7,2,2,1,0,5,3,27,5,4,1,61799.0,3
2,16,5,1,4,2,0,0,4,1,1,10,3,7,0,36999.0,9
4,10,3,1,4,2,0,1,5,1,1,38,1,7,0,28999.0,6
3,9,3,6,5,2,0,0,5,2,7,10,3,7,2,27699.0,1
2,16,5,1,4,2,2,0,0,1,1,10,3,7,2,43899.0,9
2,15,4,1,3,2,2,1,0,1,1,46,1,7,0,38175.61,1
2,9,3,1,1,2,0,0,0,1,2,6,3,6,2,27250.0,0
2,15,4,1,3,2,0,1,5,1,1,46,1,7,0,34580.74,1
3,18,0,2,0,2,0,1,0,2,0,23,4,2,0,69499.0,1
3,16,5,2,6,2,2,1,0,5,3,29,5,4,0,56099.0,3
6,15,4,1,4,2,6,0,4,1,1,24,4,2,2,42399.0,9
2,9,3,1,8,2,2,0,4,1,1,10,3,7,0,26999.0,2
4,15,4,1,1,2,2,1,0,1,1,47,1,7,0,36799.0,6
2,10,3,1,4,2,0,0,4,1,1,8,4,7,2,31599.0,9
3,16,5,2,3,2,5,1,1,5,5,25,4,3,0,55999.0,2
3,17,5,2,8,2,5,1,0,5,5,27,5,4,0,66699.0,2
2,15,4,1,1,6,6,0,5,1,1,10,3,7,2,34924.23,8
2,16,5,2,1,7,2,1,5,1,1,23,4,2,0,45854.91,3
2,0,3,1,4,2,0,0,0,1,1,37,0,6,0,25343.01,6
2,10,3,0,1,2,2,0,5,1,1,14,4,0,0,34848.0,7
2,3,3,0,0,2,6,0,5,1,1,37,0,6,2,23949.0,7
4,10,3,1,4,2,6,1,5,1,1,41,1,7,0,26595.0,6
2,8,3,1,0,2,6,0,5,1,1,6,3,6,2,26299.85,1
2,8,3,1,1,2,6,0,5,1,1,6,3,6,0,26999.0,1
2,3,3,1,0,2,0,0,5,1,1,16,4,7,2,46480.5,8
3,15,4,2,0,2,0,0,5,2,7,15,4,2,0,41999.0,1
3,9,3,6,5,2,0,0,0,2,7,10,3,7,2,29249.0,1
2,8,3,1,4,2,6,0,5,1,1,18,3,7,0,25637.25,6
2,15,4,1,1,7,0,1,5,1,1,11,3,1,2,32599.0,0
4,17,5,1,2,2,0,1,0,1,1,47,1,7,0,46499.0,6
2,20,4,1,4,2,2,0,0,1,1,8,4,7,2,42399.0,9
2,16,5,2,1,2,0,1,0,1,1,23,4,2,2,48199.0,3
4,15,4,1,2,2,2,1,0,1,1,24,4,2,0,39999.0,6
2,15,4,1,6,2,0,0,4,1,1,14,4,0,0,33499.0,2
3,18,0,3,3,2,5,1,1,5,3,29,5,4,2,126487.0,1
2,15,4,1,0,2,2,1,5,1,1,22,4,0,0,34999.0,0
2,16,5,2,1,7,0,1,0,1,1,23,4,2,0,44471.36,3
4,16,5,1,6,2,0,1,5,1,1,20,3,3,0,35999.0,6
2,16,5,1,3,1,2,0,0,1,1,18,3,7,2,41099.0,2
6,14,5,4,0,2,0,1,0,1,1,17,5,2,0,85890.48,1
2,16,5,1,3,1,6,0,4,1,1,18,3,7,0,34199.0,2
6,17,5,2,0,2,2,1,0,4,2,25,4,3,0,62999.0,6
3,16,5,2,6,2,2,1,0,1,7,47,1,7,0,45199.0,0
2,13,5,1,8,2,0,1,5,1,1,15,4,2,0,39599.0,0
2,16,5,1,3,2,0,0,4,1,1,10,3,7,0,34899.0,2
2,9,3,0,1,2,6,0,5,1,1,1,3,5,0,24257.67,7
2,10,3,1,4,2,0,0,1,1,1,11,3,1,0,30000.0,0
2,11,4,2,4,2,0,0,0,4,1,15,4,2,2,38999.0,7
0,15,4,2,0,2,0,1,0,5,6,26,5,2,0,59449.0,1
2,16,5,1,1,2,2,1,0,1,1,24,4,2,2,75209.0,8
2,16,5,1,1,6,0,0,0,1,1,14,4,0,0,47999.0,8
3,14,1,2,0,2,2,0,0,5,6,8,4,7,0,69199.0,7
2,15,4,1,6,2,2,0,4,1,1,10,3,7,0,31899.0,2
2,7,2,6,4,5,0,0,5,1,1,9,3,0,0,19999.99,6
4,17,5,3,6,2,5,1,1,4,2,47,1,7,2,74848.0,6
2,16,5,1,4,2,5,0,0,1,1,10,3,7,0,46599.0,9
7,19,1,3,8,2,2,1,1,5,2,29,5,7,0,122999.0,1
2,15,4,1,4,2,0,0,4,1,1,24,4,2,0,36399.0,9
2,17,5,1,6,6,2,1,0,1,1,14,4,0,2,58330.0,8
4,17,5,1,1,2,2,1,5,1,1,24,4,2,0,50459.0,6
2,8,3,1,1,2,0,0,5,1,1,18,3,7,0,26481.51,6
2,15,4,1,4,2,0,0,0,1,1,24,4,2,2,39999.0,6
4,13,5,1,1,2,5,1,0,1,1,43,2,7,2,65999.0,6
6,15,4,1,4,2,0,0,4,1,1,24,4,2,2,43299.0,9
2,16,5,2,1,2,0,1,5,1,1,15,4,2,0,39999.0,0
2,8,3,1,3,2,2,0,0,1,1,10,3,7,0,26999.0,2
3,17,5,2,3,7,0,1,0,5,3,27,5,4,2,59999.0,3
2,15,4,1,1,6,6,0,5,1,1,10,3,7,2,34847.01,8
2,9,4,0,1,7,2,1,5,1,1,18,3,0,1,30619.0,3
2,9,3,1,8,2,5,0,1,1,1,10,3,7,0,31799.0,2
2,16,5,1,6,2,5,0,0,1,1,14,4,0,0,48099.0,9
4,16,5,1,3,2,2,1,0,1,1,24,4,2,2,48100.72,6
7,18,0,3,0,2,2,1,0,5,3,29,5,4,0,90599.0,1
2,9,3,1,1,2,2,0,0,1,2,6,3,6,2,29000.0,0
3,17,5,2,4,2,5,0,0,5,2,24,4,2,0,67499.0,9
4,16,5,2,4,2,0,1,0,1,1,25,4,3,0,46499.0,6
2,9,3,1,1,6,0,0,5,1,1,14,4,0,2,36484.0,8
2,16,5,2,1,2,2,1,0,1,1,23,4,2,2,49017.32,3
2,15,4,1,4,2,0,0,4,1,1,24,4,2,2,39999.0,9
2,16,5,1,1,2,2,1,0,1,1,47,1,7,0,47413.67,7
2,9,3,1,8,2,0,1,0,1,1,42,1,7,0,35139.0,1
5,19,1,3,6,2,2,1,0,5,3,29,5,4,0,128899.0,9
2,8,3,1,3,2,0,0,4,1,1,10,3,7,0,25499.0,2
4,16,5,1,4,2,0,1,5,1,1,47,1,7,0,37499.0,6
2,16,5,1,3,1,5,0,1,1,1,18,3,7,0,40999.0,2
2,16,5,1,3,2,0,1,0,1,1,22,4,0,0,52499.0,7
2,10,3,0,6,2,0,0,5,1,1,1,3,5,0,25707.0,7
4,15,4,1,1,2,0,1,0,1,1,20,3,1,0,35999.0,6
6,15,4,1,3,2,0,1,4,1,1,51,0,6,0,36014.86,4
2,9,3,1,8,2,0,1,0,1,1,42,1,7,0,34449.0,1
2,17,5,1,3,2,0,1,5,1,1,49,2,7,0,51741.75,1
3,17,5,2,4,2,0,0,4,5,2,24,4,2,0,57999.0,9
2,0,3,1,4,2,2,0,5,1,1,37,0,6,0,25739.01,6
3,15,4,2,3,2,0,1,5,2,0,23,4,2,2,49203.5,1
5,16,5,3,6,2,5,1,1,5,3,25,4,3,0,86799.0,9
2,16,5,1,4,2,0,0,4,1,1,10,3,7,2,39999.0,9
3,17,5,3,7,2,0,1,0,5,3,26,5,2,2,71540.0,1
2,9,3,1,3,2,0,1,5,1,1,42,1,7,2,39214.0,1
2,20,4,0,1,2,0,0,5,1,1,38,1,7,0,30849.0,7
2,2,2,1,0,2,1,0,0,1,1,2,3,5,0,20599.99,7
2,16,5,1,1,2,0,0,5,1,1,11,3,5,0,35000.0,5
3,18,0,3,1,2,2,1,0,5,2,29,5,4,0,96254.0,8
3,16,5,2,3,2,0,1,0,2,7,47,1,7,0,43199.0,0
2,16,5,2,3,2,2,1,0,1,1,15,4,2,2,52980.0,0
2,15,4,1,6,2,2,0,4,1,1,14,4,0,0,34999.0,2
2,15,4,1,0,2,0,0,0,1,1,14,4,0,2,41999.0,2
2,20,4,1,1,2,0,1,0,1,1,14,4,0,0,41999.0,1
4,16,5,1,6,2,0,1,5,1,1,24,4,2,0,44499.0,6
2,16,5,2,1,7,2,1,0,1,1,23,4,2,0,47238.47,3
2,16,5,1,6,2,0,1,5,1,1,46,1,7,2,42099.0,1
4,13,5,2,0,2,2,1,0,4,2,15,4,2,0,48999.0,6
3,10,3,2,0,2,0,0,5,2,1,11,3,1,2,34999.0,7
2,9,3,1,8,2,0,0,1,1,1,10,3,7,0,28099.0,2
2,9,3,1,8,2,5,0,0,1,1,10,3,7,0,29999.0,2
3,16,5,2,2,2,0,1,0,1,1,21,3,2,2,49033.51,6
3,17,5,2,1,7,0,1,0,5,2,27,5,4,0,58999.0,3
2,8,3,1,6,2,2,0,5,1,1,6,3,6,2,27279.0,1
2,15,4,1,4,2,6,0,4,1,1,24,4,2,0,35499.0,9
5,17,5,3,6,2,2,1,0,5,3,28,5,4,2,87999.0,9
2,17,5,1,6,6,2,1,0,1,1,14,4,0,2,59799.0,8
4,16,5,1,3,2,2,1,0,1,1,45,0,6,2,44885.0,6
2,8,3,1,6,2,0,0,0,1,1,6,3,6,2,27169.0,1
2,15,4,1,0,2,0,0,0,1,1,24,4,2,0,44250.0,6
2,15,4,1,4,2,0,1,5,1,1,18,3,7,0,34999.0,7
6,10,3,1,0,2,0,0,0,1,1,8,4,7,2,59999.0,8
2,15,4,1,4,2,6,0,4,1,1,10,3,7,2,32999.0,9
0,8,3,2,0,2,0,3,5,5,3,26,5,7,0,48999.0,1
2,9,3,1,0,2,0,1,5,1,1,11,3,1,0,29387.31,3
2,9,3,0,1,7,2,1,5,1,1,40,0,6,2,27489.0,3
2,3,3,0,1,2,6,0,0,1,1,1,3,5,0,23824.12,7
2,15,4,0,1,2,0,1,5,1,1,46,1,7,0,32761.81,7
2,8,3,1,3,2,2,0,4,1,1,10,3,7,0,26399.0,2
2,3,3,0,1,2,2,0,0,1,1,3,4,5,2,37499.99,7
3,15,4,3,0,2,2,1,0,4,2,30,3,2,0,50199.0,6
2,15,4,1,1,2,5,0,0,1,1,11,3,1,2,41849.0,6
2,15,4,1,4,2,0,0,0,1,1,20,3,1,0,33849.0,6
7,19,1,3,3,2,5,1,1,5,6,29,5,4,2,142749.0,1
2,9,3,1,3,2,0,1,5,1,1,42,1,7,2,40048.0,1
4,16,5,1,3,2,5,1,5,1,1,45,0,6,2,48130.0,6
4,16,5,1,3,2,0,1,1,1,1,45,0,6,2,46020.0,6
4,16,5,1,3,2,2,1,1,1,1,45,0,6,2,47996.0,6
4,16,5,1,3,2,2,1,5,1,1,45,0,6,2,43865.0,6
4,16,5,1,3,2,2,1,0,1,1,45,0,6,2,45840.0,6
4,16,5,1,3,2,2,1,5,1,1,45,0,6,2,42951.0,6
4,16,5,1,3,2,0,1,0,1,1,45,0,6,2,42951.0,6
4,16,5,1,3,2,0,1,1,1,1,45,0,6,2,45061.0,6
2,8,3,1,1,2,0,0,0,1,1,18,3,7,0,27471.51,6
2,15,4,1,4,7,0,1,5,1,1,14,4,0,0,35441.01,0
3,15,4,2,2,2,0,0,5,2,0,15,4,2,0,42999.0,1
2,15,4,1,6,2,5,0,0,1,1,14,4,0,0,38999.0,2
2,16,5,1,3,1,2,0,4,1,1,18,3,7,0,36099.0,2
1,7,2,1,0,2,0,0,5,1,1,9,3,0,2,26547.0,7
2,3,3,0,1,2,0,0,5,1,1,1,3,5,2,24899.0,7
2,20,4,0,1,2,0,0,0,1,1,10,3,7,0,29720.14,7
3,8,3,6,4,2,0,3,5,5,6,13,4,1,0,35724.0,7
2,17,5,1,6,6,0,1,0,1,1,14,4,0,2,55999.0,8
2,0,3,1,2,2,0,0,5,1,1,37,0,6,2,29541.0,6
2,8,3,1,6,2,2,0,0,1,1,6,3,6,2,28649.0,1
2,16,5,2,1,2,0,1,0,1,1,23,4,2,2,45854.91,3
7,17,5,5,7,2,2,1,0,2,0,48,2,1,2,84680.0,3
2,20,4,1,6,2,0,0,5,1,1,8,4,7,2,38000.0,10
2,9,3,1,3,0,6,0,5,1,1,6,3,6,2,28900.0,1
2,15,4,1,4,2,0,0,0,1,1,10,3,7,2,35099.0,9
2,20,4,0,1,2,0,0,0,1,1,14,4,0,0,35999.0,7
2,16,5,1,3,1,0,0,0,1,1,18,3,7,0,35199.0,2
2,15,4,1,3,2,0,0,0,1,1,14,4,0,0,33999.0,2
2,15,4,1,3,2,6,1,5,1,1,11,3,1,0,29999.0,0
2,15,1,7,1,2,0,2,5,1,1,22,4,7,2,44999.0,7
2,16,5,1,1,2,2,0,5,1,1,24,4,2,0,41490.91,6
2,16,5,1,3,1,2,0,1,1,1,18,3,7,0,38499.0,2
2,9,3,1,0,2,0,0,5,1,1,6,3,6,0,29999.0,1
2,8,3,1,3,2,0,0,5,1,1,6,3,6,2,27999.0,1
6,17,5,1,8,2,2,1,0,1,1,24,4,2,0,55032.56,4
2,9,3,0,4,2,0,0,5,1,1,10,3,1,0,26399.0,7
3,17,5,2,4,2,0,0,4,5,2,24,4,2,2,61599.0,9
4,15,4,1,1,2,0,1,5,1,1,24,4,2,0,36581.44,6
2,16,5,1,6,2,0,0,4,1,1,14,4,0,2,45599.0,9
2,10,3,1,0,2,0,1,0,1,1,41,1,7,0,35849.0,1
2,15,4,1,0,2,1,1,5,1,1,18,3,7,0,30999.0,0
4,15,4,1,6,2,0,1,0,1,1,45,0,6,0,31579.0,6
2,16,5,2,2,0,0,1,0,4,2,24,4,2,2,55999.0,5
2,9,3,0,0,2,0,1,5,1,1,40,0,6,2,30200.0,3
2,20,4,1,1,2,2,1,0,1,1,14,4,0,0,42999.0,1
2,15,4,0,1,2,0,1,0,1,1,44,0,6,2,32327.41,7
2,8,3,1,3,2,5,0,0,1,1,10,3,7,0,29399.0,2
2,10,3,0,3,2,2,0,0,1,1,10,3,7,0,29858.4,7
2,8,3,1,3,2,0,0,1,1,1,10,3,7,0,27499.0,2
2,12,5,1,1,2,0,0,0,1,1,15,4,2,0,42519.51,0
2,17,5,1,6,6,2,1,0,1,1,14,4,0,0,57999.0,8
2,17,5,1,6,6,0,1,0,1,1,14,4,0,2,55599.0,8
3,18,0,3,7,2,0,1,0,5,3,27,5,4,2,90666.0,3
5,16,5,3,6,2,2,1,0,5,3,25,4,3,0,77099.0,9
2,1,2,1,0,2,2,0,5,1,1,9,3,0,0,20999.99,6
2,16,5,2,1,2,0,1,0,1,1,27,5,4,2,53499.0,3
4,16,5,1,3,2,2,1,3,1,1,24,4,2,0,50709.57,6
2,15,4,1,6,2,2,0,0,1,1,15,4,2,2,45849.0,1
3,16,5,2,3,2,2,1,0,2,0,23,4,2,0,55620.97,1
2,9,3,1,1,2,0,0,5,1,1,15,4,2,2,34886.91,1
3,15,4,1,3,2,0,1,5,1,1,45,0,6,2,32779.57,6
2,20,4,1,4,2,2,0,4,1,1,8,4,7,2,42599.0,9
2,10,3,0,1,2,0,0,5,1,1,38,1,7,0,28273.0,7
7,18,0,3,0,2,2,1,0,5,5,29,5,3,0,94999.0,1
3,16,5,2,1,6,2,3,1,1,3,26,5,2,2,84298.99,8
2,10,3,1,4,2,2,0,4,1,1,8,4,7,2,34199.0,9
2,8,3,1,0,2,0,0,0,1,1,6,3,6,2,29684.16,1
2,10,3,0,1,2,2,0,5,1,1,38,1,7,0,29903.5,7
2,9,4,1,4,2,0,0,5,1,1,20,3,1,0,29312.91,6
2,20,4,2,1,2,0,0,5,1,5,7,4,6,2,41370.91,7
2,15,4,1,0,2,6,1,5,1,1,46,1,7,0,33949.0,1
2,9,3,2,8,2,6,0,5,1,1,1,3,5,2,26629.02,7
2,16,5,2,1,2,2,1,0,1,1,15,4,2,0,44549.01,0
7,16,5,2,7,2,0,1,5,5,3,25,4,4,2,87599.0,3
2,9,3,1,1,3,6,0,5,1,1,6,3,6,0,25000.0,0
4,15,4,1,1,2,0,1,0,1,1,24,4,2,0,37976.82,6
3,15,4,1,3,2,0,1,0,1,1,45,0,6,0,32211.96,6
2,10,3,0,1,2,2,0,0,1,1,14,4,0,0,35913.24,7
4,16,5,1,3,2,0,1,0,1,1,45,0,6,0,42037.0,6
4,16,5,1,3,2,2,1,5,1,1,45,0,6,0,42037.0,6
2,16,5,1,2,2,6,1,5,1,1,46,1,7,2,41999.0,1
0,15,4,2,0,2,0,3,0,5,6,26,5,7,0,61999.0,1
2,9,3,1,1,2,0,0,5,1,1,15,4,2,0,32994.87,1
2,20,4,2,8,2,0,0,5,1,1,15,4,7,0,38686.68,7
4,16,5,1,3,2,0,1,5,1,1,24,4,2,0,42558.57,6
2,9,3,1,4,2,0,0,0,1,1,10,3,7,0,28511.01,6
2,15,4,1,1,2,0,0,5,1,1,11,3,1,0,33199.0,5
3,9,3,0,0,2,6,1,5,2,1,40,0,6,2,28899.0,7
2,8,3,1,4,2,0,0,5,1,1,18,3,7,2,28022.18,6
2,15,4,0,1,2,0,1,5,1,1,44,0,6,2,30238.02,7
2,15,4,1,4,2,2,0,0,1,1,24,4,2,0,39749.0,6
2,15,4,1,6,2,0,0,5,1,1,15,4,2,2,42999.0,1
2,15,4,1,6,2,2,0,1,1,1,14,4,0,0,36999.0,2
2,9,3,1,1,2,1,0,5,1,2,6,3,7,2,27500.0,0
2,10,3,0,6,2,0,1,0,1,1,41,1,6,0,30099.0,7
4,15,4,1,2,2,0,1,0,1,1,39,1,7,0,33999.0,6
2,15,1,1,1,2,0,0,0,1,1,10,3,7,2,40999.0,2
2,9,3,1,1,2,0,0,5,1,1,15,4,2,2,34319.3,1
4,15,4,1,1,2,0,1,5,1,1,47,1,7,0,33899.0,6
4,16,5,1,3,2,5,1,0,1,1,45,0,6,2,50106.0,6
4,16,5,1,3,2,5,1,5,1,1,45,0,6,2,47128.0,6
4,16,5,1,3,2,5,1,0,1,1,45,0,6,2,49062.0,6
4,16,5,1,3,2,2,1,1,1,1,45,0,6,2,46996.0,6
0,8,3,2,8,2,0,3,5,5,3,26,5,2,0,48999.0,1
4,15,4,1,0,2,0,1,5,1,1,30,3,2,0,42199.0,6
7,18,0,2,7,2,5,1,1,5,2,27,5,4,2,140676.0,3
2,9,3,1,6,2,0,0,5,1,1,11,3,1,0,28338.91,1
2,9,4,1,1,2,0,1,5,1,1,10,3,7,2,30671.0,7
4,17,5,1,1,2,0,1,5,1,1,47,1,7,2,49499.01,6
3,15,3,2,1,2,4,0,0,1,7,15,4,2,2,54023.31,1
2,15,4,1,1,2,5,1,1,1,1,46,1,7,2,47999.98,1
2,15,4,1,4,2,2,1,5,1,1,18,3,7,0,37165.59,7
2,16,5,2,1,2,0,1,0,1,1,15,4,2,0,40999.0,0
4,16,5,1,3,2,5,1,1,1,1,45,0,6,2,52262.0,6
2,9,3,1,1,2,2,0,0,1,1,15,4,2,2,36968.16,1
2,10,3,0,6,2,0,0,5,1,1,14,4,0,2,34087.11,7
3,16,5,0,2,6,0,1,0,6,1,24,4,2,2,59999.0,6
4,15,4,1,1,2,0,1,0,1,1,24,4,2,2,39372.19,6
2,15,4,1,4,2,6,1,0,1,1,46,1,7,0,34999.0,1
3,18,0,3,3,2,5,1,0,5,3,29,5,4,2,124331.0,1
2,9,3,1,0,2,0,0,0,1,1,15,4,2,0,36325.53,1
2,8,3,1,4,2,0,0,5,1,1,18,3,7,2,28022.18,6
4,15,4,1,6,2,2,1,0,1,1,45,0,6,0,33279.0,6
4,16,5,1,1,2,0,1,5,1,1,47,1,7,0,39780.12,6
2,8,3,1,1,2,2,0,5,1,1,18,3,7,0,27966.51,6
2,16,5,2,4,2,6,1,5,1,1,15,4,2,0,39899.0,0
2,17,5,1,3,2,5,1,0,1,1,49,2,7,0,58739.03,1
2,15,4,1,3,2,6,1,5,1,1,46,1,7,2,35148.35,1
2,15,4,1,3,2,2,1,0,1,1,46,1,7,2,39500.04,1
3,16,5,2,6,2,0,1,0,5,5,25,4,3,0,49099.0,2
2,7,2,1,0,2,1,0,5,1,1,12,4,0,0,27495.0,7
4,15,4,1,1,2,0,1,0,1,1,24,4,2,2,39372.19,6
2,14,5,1,1,2,0,0,5,1,1,38,1,7,0,38751.32,0
2,9,3,1,0,2,2,0,1,1,1,6,3,6,2,34999.0,1
2,9,3,1,3,2,0,1,5,1,1,42,1,7,0,38379.0,1
2,9,3,0,0,2,0,1,0,1,1,40,0,6,2,32179.0,3
3,17,5,2,4,2,0,0,0,5,2,24,4,2,0,59299.0,9
4,18,0,2,2,2,2,1,0,1,1,25,4,3,0,72999.0,6
2,20,4,1,4,2,2,1,0,1,1,14,4,0,0,41108.35,1
2,0,3,1,1,2,6,0,2,1,1,37,0,6,0,26761.0,6
2,20,4,1,4,2,0,0,4,1,1,8,4,7,0,35099.0,9
2,7,2,1,0,2,0,0,5,1,1,12,4,0,0,27499.0,7
2,17,5,1,3,2,0,1,1,1,1,49,2,7,2,59999.0,1
3,17,5,2,3,2,2,1,1,0,0,23,4,2,0,67478.52,1
2,10,3,1,1,2,0,0,0,1,1,11,3,1,0,30999.0,0
6,18,0,1,1,2,2,1,1,8,4,26,5,2,2,136489.0,8
2,16,5,1,3,2,0,0,0,1,1,10,3,7,0,33999.0,2
2,10,3,1,1,2,0,0,5,1,1,11,3,1,0,29999.0,0
4,13,5,1,1,2,5,1,1,1,1,43,2,7,2,69999.0,6
4,13,5,1,1,2,2,1,1,1,1,43,2,7,2,64999.0,6
4,16,5,1,3,2,5,1,1,1,1,45,0,6,2,51173.0,6
4,16,5,1,3,2,5,1,0,1,1,45,0,6,0,48018.0,6
2,9,3,0,2,2,6,0,5,1,1,10,3,7,2,26090.0,7
6,18,0,3,0,2,5,1,0,4,2,27,5,4,0,115450.0,6
6,18,0,3,0,2,5,1,1,4,2,27,5,4,0,117602.0,6
2,15,4,1,0,2,2,1,0,1,1,46,1,7,2,43910.0,1
3,17,5,2,3,2,0,1,5,0,0,23,4,2,0,61944.31,1
2,9,4,1,0,2,2,0,0,1,1,24,4,2,0,37820.0,6
4,15,4,1,6,2,2,1,5,1,1,45,0,6,0,31859.0,6
3,9,4,0,1,0,0,1,0,1,1,19,3,0,0,30749.0,3
2,15,4,1,3,2,0,1,0,1,1,15,4,2,0,47416.0,1
2,9,3,0,2,2,0,0,5,1,1,10,3,7,2,28798.11,7
4,16,5,1,3,2,2,1,0,1,1,24,4,2,2,47566.98,6
3,16,5,2,4,2,0,1,5,5,1,25,4,3,2,65000.0,0
3,9,3,6,5,2,1,0,0,2,7,10,3,7,2,29749.0,1
3,15,4,2,3,2,6,1,5,2,0,23,4,2,0,47055.38,1
3,17,5,2,3,2,2,1,0,0,0,23,4,2,2,66524.35,1
2,8,3,1,6,2,0,0,0,1,1,6,3,6,2,27829.0,1
3,15,4,2,3,2,2,1,5,2,0,23,4,2,0,49749.9,1
2,10,3,0,0,2,0,0,5,1,1,3,4,5,0,36499.0,7
4,16,5,1,3,2,0,1,0,1,1,24,4,2,0,43078.84,6
4,16,5,1,3,2,2,1,1,1,1,45,0,6,0,45996.0,6
6,18,0,2,0,2,2,1,1,4,2,25,4,4,0,80999.0,6
2,15,4,1,3,2,5,1,0,1,1,46,1,7,0,42999.0,1
4,16,5,1,3,2,5,1,5,1,1,45,0,6,0,46125.0,6
4,16,5,1,3,2,0,1,1,1,1,45,0,6,0,44103.0,6
4,16,5,1,3,2,5,1,1,1,1,45,0,6,0,50084.0,6
2,9,3,0,0,2,5,1,5,1,1,40,0,6,2,34817.0,3
2,9,3,0,0,2,2,1,5,1,1,40,0,6,2,31651.0,3
2,15,4,0,1,2,2,1,5,1,1,46,1,7,2,42199.98,7
2,15,4,0,1,2,0,1,0,1,1,46,1,7,0,40899.98,7
2,15,4,0,1,2,0,1,5,1,1,46,1,7,2,40599.98,7
2,15,4,0,1,2,2,1,5,1,1,46,1,7,0,40999.98,7
2,15,4,0,1,2,0,1,5,1,1,46,1,7,2,41799.98,7
2,9,3,0,1,2,0,0,5,1,1,10,3,5,0,26999.0,7
2,10,3,0,6,2,0,0,5,1,1,14,4,0,2,34087.11,7
2,10,3,0,6,2,0,0,0,1,1,14,4,0,0,33509.36,7
3,18,0,3,7,2,0,1,0,5,3,48,2,1,2,86724.0,3
2,20,4,1,4,2,2,0,4,1,1,8,4,7,0,37799.0,9
4,15,4,1,1,2,6,1,5,1,1,24,4,2,2,37378.8,6
3,17,5,6,6,2,2,1,0,5,6,27,5,2,0,64789.0,3
2,17,5,1,6,6,5,1,0,1,1,14,4,0,0,64333.0,8
6,19,1,3,1,2,5,1,3,4,2,27,5,4,2,154399.48,6
2,9,3,1,1,2,2,0,5,1,1,15,4,2,0,34319.3,1
4,15,4,1,4,2,2,1,0,1,1,20,3,1,0,34849.0,6
2,20,4,1,1,2,2,0,0,1,1,15,4,2,0,40849.0,0
2,8,3,1,1,2,2,0,0,1,1,18,3,7,0,29055.51,6
2,3,3,0,1,2,0,0,5,1,1,1,3,5,2,25475.08,7
2,8,3,1,3,2,2,0,1,1,1,10,3,7,0,28699.0,2
2,10,3,1,0,2,0,1,0,1,1,41,1,7,2,42999.0,1
3,18,0,3,8,2,2,1,0,5,3,29,5,4,0,93949.0,1
2,15,4,1,4,2,2,1,0,1,1,18,3,7,0,38216.97,7
5,17,5,3,6,2,2,1,0,5,3,28,5,4,0,88199.0,9
4,16,5,1,3,2,2,1,0,1,1,45,0,6,0,43930.0,6
2,16,5,1,4,2,5,0,0,1,1,10,3,7,2,49399.0,9
6,18,0,3,6,2,2,1,0,4,5,50,2,3,2,98829.0,1
2,9,3,1,1,2,6,0,5,1,1,15,4,2,2,33751.69,1
2,15,4,1,4,2,6,0,4,1,1,24,4,2,2,39099.0,9
2,0,3,1,4,2,2,0,0,1,1,37,0,6,0,27174.51,6
3,16,5,3,1,2,0,1,0,5,2,24,4,2,2,78479.0,8
2,20,4,0,1,2,2,0,0,1,1,10,3,7,0,31825.47,7
2,15,4,1,3,2,2,1,0,1,1,15,4,2,0,49482.0,1
4,16,5,1,3,2,0,1,5,1,1,45,0,6,0,36911.65,6
2,15,4,0,1,2,0,1,5,1,1,44,0,6,2,33074.81,7
2,15,4,1,3,2,2,1,0,1,1,46,1,7,2,39200.0,1
2,9,3,0,1,2,0,0,0,1,1,1,3,5,0,26178.86,7
2,15,4,1,1,2,2,1,0,1,1,45,0,6,2,35997.39,7
4,15,4,1,1,2,0,1,5,1,1,24,4,2,2,37976.82,6
4,16,5,1,3,2,5,1,0,1,1,24,4,2,2,50235.65,6
2,15,4,6,2,7,0,1,5,1,1,18,3,2,0,34499.0,3
3,20,4,2,0,2,0,1,5,5,6,15,4,2,2,59999.0,7
2,15,4,1,6,2,0,0,0,1,1,14,4,0,0,34999.0,2
3,16,5,2,3,2,2,1,0,2,0,23,4,2,0,56330.01,1
2,12,5,2,6,2,0,1,5,4,5,41,1,7,0,44836.35,7
4,16,5,1,3,2,5,1,0,1,1,24,4,2,0,47241.07,6
2,15,4,1,0,2,0,1,5,1,1,46,1,7,0,35999.0,1
2,9,4,1,4,2,2,0,5,1,1,20,3,1,0,30788.01,6
2,9,4,1,1,2,6,1,5,1,1,10,3,7,2,28879.0,7
4,15,4,1,2,2,0,1,5,1,1,45,0,6,2,38999.99,6
7,18,0,2,7,2,2,1,0,5,2,27,5,4,2,111499.0,3
2,9,3,1,1,2,0,0,0,1,1,15,4,2,0,34319.3,1
2,4,3,0,0,2,6,0,5,1,1,0,3,5,0,29086.0,7
6,19,1,3,3,2,2,1,0,4,2,27,5,4,0,103999.0,6
3,16,5,2,3,2,6,1,0,2,0,23,4,2,0,52593.71,1
3,15,4,2,3,2,0,1,0,2,0,23,4,2,2,50562.17,1
2,15,4,1,4,2,0,1,0,1,1,18,3,7,0,36595.35,7
2,9,3,0,1,2,0,0,2,1,1,1,3,5,0,25986.74,7
2,15,4,1,1,2,0,1,5,1,1,46,1,7,0,35999.0,1
3,16,5,0,1,7,2,1,0,5,1,24,4,4,2,61499.0,3
2,16,5,2,1,7,0,1,5,1,1,23,4,2,2,44471.36,3
3,15,4,2,3,2,0,1,1,2,0,23,4,2,0,50134.83,1
4,17,5,3,6,2,5,1,1,4,2,47,1,7,2,73289.0,6
4,13,5,2,0,2,2,1,0,4,2,15,4,2,0,52409.0,6
2,9,4,0,4,7,0,1,5,1,1,23,4,2,0,35499.0,3
2,20,4,1,1,2,2,0,5,1,1,8,4,7,0,46950.0,8
2,9,3,1,8,2,2,0,1,1,1,14,4,0,0,31799.0,2
2,9,3,1,8,2,0,0,4,1,1,14,4,0,2,31399.0,2
2,7,2,1,0,2,3,0,5,1,1,12,4,0,0,29489.0,7
2,8,3,1,3,2,5,0,1,1,1,10,3,7,0,31199.0,2
6,20,4,1,0,2,2,1,0,1,1,15,4,1,0,42236.97,4
4,15,4,1,1,2,0,1,0,1,1,24,4,2,2,39970.21,6
2,16,5,2,1,2,0,0,0,1,1,15,4,2,2,42999.0,0
7,17,5,3,2,2,0,1,0,5,3,29,5,3,0,94999.0,1
2,15,4,1,3,2,5,1,1,1,1,15,4,2,2,58054.0,1
2,17,5,1,1,6,5,1,0,1,1,14,4,0,2,66699.0,8
2,10,3,2,3,2,0,0,5,1,1,4,4,5,0,35059.0,7
2,16,5,1,1,2,2,0,1,1,1,11,3,5,0,39825.73,5
2,20,4,1,4,2,6,0,4,1,1,8,4,7,0,34199.0,9
2,9,3,1,0,4,0,0,5,1,1,10,3,7,2,33206.0,6
4,15,4,1,1,2,6,1,5,1,1,24,4,2,2,37378.8,6
2,15,4,1,4,2,0,1,5,1,1,46,1,7,0,35199.0,1
3,17,5,0,2,6,2,1,1,7,1,29,5,4,0,89999.0,1
2,15,4,1,3,2,0,1,0,1,1,46,1,7,2,37229.59,1
2,16,5,2,1,7,2,1,1,1,1,23,4,2,2,50400.87,3
4,15,4,1,3,2,2,1,0,1,1,47,1,7,2,43742.0,6
2,9,3,1,1,2,0,0,5,1,1,15,4,2,2,34886.91,1
2,9,3,0,1,2,2,0,0,1,1,1,3,5,0,27523.7,7
2,9,3,0,2,2,0,0,0,1,1,10,3,7,2,30906.0,7
3,16,5,2,3,2,0,1,0,2,0,23,4,2,2,55428.5,1
3,16,5,2,3,2,0,1,5,2,0,23,4,2,2,54658.64,1
3,15,4,2,3,2,6,1,5,2,0,23,4,2,2,49397.59,1
3,15,4,2,3,2,6,1,5,2,0,23,4,2,2,48815.3,1
2,9,4,1,4,2,0,0,0,1,1,20,3,1,0,30372.21,6
2,17,5,1,3,2,5,1,1,1,1,49,2,7,2,71121.0,1
2,15,4,1,0,2,2,1,0,1,1,46,1,7,0,38999.0,1
2,9,3,0,1,2,2,0,5,1,1,1,3,5,0,26178.86,7
3,16,5,2,3,2,0,1,5,2,0,23,4,2,2,54081.24,1
4,10,3,1,0,2,0,1,5,1,1,41,1,7,2,30537.0,6
2,15,4,0,1,2,2,1,0,1,1,46,1,7,0,36641.75,7
2,16,5,1,1,2,6,0,2,1,1,11,3,5,0,34386.12,5
3,16,5,2,3,2,0,1,5,2,0,23,4,2,2,54081.24,1
4,15,4,1,1,2,2,1,5,1,1,24,4,2,0,39172.85,6
2,9,3,0,1,2,0,0,5,1,1,1,3,5,2,26635.73,7
2,15,4,0,1,2,2,1,5,1,1,44,0,6,2,32971.9,7
2,17,5,1,3,2,5,1,1,1,1,49,2,7,0,59994.95,1
3,16,5,2,3,2,0,1,0,2,0,23,4,2,0,53161.32,1
2,15,4,1,1,2,0,1,5,1,1,45,0,6,2,33546.15,7
2,20,4,0,1,2,6,0,0,1,1,10,3,7,0,29659.98,7
2,10,3,0,3,2,0,0,0,1,1,10,3,7,0,28526.85,7
2,8,3,1,4,2,6,0,5,1,1,18,3,7,2,27442.76,6
2,10,3,1,0,2,0,1,5,1,1,41,1,7,0,35599.0,1
4,9,4,1,3,2,0,1,5,1,1,45,0,6,0,31967.0,6
3,16,5,2,3,2,2,1,1,2,0,23,4,2,0,56945.4,1
3,16,5,2,3,2,2,1,5,2,0,23,4,2,0,54296.54,1
4,17,5,1,1,2,5,1,1,1,1,24,4,2,2,65799.48,6
3,15,4,2,3,2,0,1,0,2,0,23,4,2,0,48787.57,1
3,15,4,2,3,2,0,1,5,2,0,23,4,2,0,47440.31,1
2,16,5,1,1,2,0,1,5,1,1,47,1,7,0,42599.0,7
2,15,4,1,3,2,0,1,5,1,1,46,1,7,2,36400.0,1
2,15,4,1,0,2,2,1,5,1,1,18,3,7,0,32499.0,0
2,20,4,2,1,2,0,0,5,1,5,7,4,6,0,40067.56,7
4,15,4,1,4,2,0,1,0,1,1,20,3,1,0,33659.01,6
3,17,5,3,2,2,2,1,1,4,2,27,5,4,0,70999.0,6
2,16,5,1,1,2,2,0,5,1,1,24,4,2,0,42449.0,6
2,15,4,1,1,2,6,1,5,1,1,22,4,0,0,33999.0,0
2,9,3,1,3,2,5,1,5,1,1,42,1,7,2,45325.0,1
2,9,3,1,3,2,5,1,0,1,1,42,1,7,2,47260.0,1
2,9,3,1,3,2,2,1,1,1,1,42,1,7,2,45193.0,1
2,9,3,1,3,2,5,1,1,1,1,42,1,7,2,49458.0,1
2,9,3,1,3,2,2,1,0,1,1,42,1,7,2,43083.0,1
2,9,3,1,3,2,0,1,0,1,1,42,1,7,2,41148.0,1
2,9,3,1,3,2,2,1,5,1,1,42,1,7,0,40273.0,1
2,9,3,1,0,2,5,1,5,1,1,41,1,7,0,44361.0,1
2,9,3,1,0,2,0,1,1,1,1,41,1,7,2,44179.0,1
2,7,2,1,0,2,2,0,0,1,1,12,4,0,0,27979.0,6
4,17,5,1,3,2,5,1,0,1,1,24,4,2,2,62692.0,6
4,17,5,1,3,2,5,1,0,1,1,24,4,2,0,61358.0,6
4,9,4,1,3,2,5,1,5,1,1,20,3,1,0,38767.0,6
2,17,5,1,3,2,0,1,5,1,1,49,2,7,0,54999.0,1
6,18,0,3,0,2,5,1,1,4,2,27,5,4,2,122715.0,6
2,8,3,1,1,2,6,0,5,1,1,5,3,6,0,26999.0,1
2,9,3,1,0,2,2,1,1,1,1,41,1,7,0,44232.0,1
4,15,4,1,3,2,5,1,0,1,1,47,1,7,0,46900.0,6
4,20,4,2,0,2,2,1,1,4,2,15,4,2,0,51633.0,6
4,20,4,2,0,2,5,1,5,4,2,15,4,2,0,51762.0,6
4,20,4,2,0,2,2,1,0,4,2,15,4,2,0,49568.0,6
2,9,3,1,1,3,6,0,5,1,1,6,3,6,2,26000.0,0
2,9,3,1,1,3,6,0,5,1,1,6,3,6,2,25750.0,0
3,15,4,0,1,2,0,0,1,2,7,20,3,1,0,40649.0,1
2,9,3,1,3,2,0,1,0,1,1,42,1,7,0,40273.0,1
2,15,4,0,1,2,0,1,5,1,1,46,1,7,0,39399.98,7
3,17,5,2,1,2,5,1,0,2,0,23,4,2,2,77587.0,1
6,18,0,3,0,2,5,1,0,4,2,27,5,4,2,120470.0,6
2,9,3,1,0,2,5,1,1,1,1,41,1,7,2,50510.0,1
2,9,3,1,0,2,2,1,0,1,1,41,1,7,0,42166.0,1
2,9,3,1,0,2,0,1,5,1,1,41,1,6,0,38379.0,1
3,17,5,2,3,2,0,1,0,2,6,23,4,2,2,71031.0,1
2,20,4,2,3,2,5,0,0,1,1,11,3,1,2,42877.0,7
2,17,5,1,3,2,2,1,0,1,1,49,2,7,0,62004.0,1
2,17,5,1,3,2,0,1,1,1,1,49,2,7,2,63528.0,1
2,17,5,1,3,2,0,1,5,1,1,49,2,7,2,59483.0,1
2,17,5,1,3,2,2,1,5,1,1,49,2,7,2,62724.0,1
2,17,5,1,3,2,5,1,5,1,1,49,2,7,2,65594.0,1
2,17,5,1,3,2,2,1,1,1,1,49,2,7,2,65462.0,1
2,17,5,1,3,2,0,1,1,1,1,49,2,7,2,64879.0,1
2,17,5,1,3,2,0,1,5,1,1,49,2,7,0,58217.0,1
2,17,5,1,3,2,5,1,5,1,1,49,2,7,0,64199.0,1
2,17,5,1,3,2,2,1,5,1,1,49,2,7,2,61417.0,1
2,17,5,1,3,2,5,1,5,1,1,49,2,7,2,66990.0,1
2,17,5,1,3,2,0,1,0,1,1,49,2,7,2,61417.0,1
2,17,5,1,3,2,2,1,0,1,1,49,2,7,2,63352.0,1
2,17,5,1,3,2,0,1,0,1,1,49,2,7,2,62724.0,1
2,17,5,1,3,2,2,1,5,1,1,49,2,7,0,60111.0,1
2,17,5,1,3,2,2,1,1,1,1,49,2,7,2,66855.0,1
2,17,5,1,3,2,2,1,0,1,1,49,2,7,2,64700.0,1
2,9,4,1,0,2,2,0,5,1,1,24,4,2,2,37488.0,6
2,15,4,1,4,2,2,0,5,1,1,20,3,1,0,34199.0,6
4,17,5,1,3,2,0,1,1,1,1,24,4,2,0,56582.0,6
4,17,5,1,3,2,2,1,5,1,1,24,4,2,0,55377.0,6
4,17,5,1,3,2,2,1,5,1,1,24,4,2,2,57785.0,6
4,17,5,1,3,2,5,1,1,1,1,24,4,2,0,63424.0,6
4,17,5,1,3,2,2,1,0,1,1,24,4,2,2,59760.0,6
4,17,5,1,3,2,0,1,5,1,1,24,4,2,2,54646.0,6
4,17,5,1,3,2,5,1,1,1,1,24,4,2,2,66182.0,6
4,17,5,1,3,2,5,1,0,1,1,24,4,2,2,64026.0,6
4,17,5,1,3,2,5,1,5,1,1,24,4,2,2,62050.0,6
4,17,5,1,3,2,2,1,1,1,1,24,4,2,2,61916.0,6
4,17,5,1,3,2,0,1,1,1,1,24,4,2,2,59042.0,6
4,17,5,1,3,2,0,1,5,1,1,24,4,2,2,55809.0,6
4,17,5,1,3,2,2,1,1,1,1,24,4,2,2,60626.0,6
4,17,5,1,3,2,5,1,5,1,1,24,4,2,2,60758.0,6
4,17,5,1,3,2,2,1,0,1,1,24,4,2,2,58515.0,6
4,17,5,1,3,2,2,1,1,1,1,24,4,2,0,59336.0,6
4,17,5,1,3,2,5,1,5,1,1,24,4,2,0,59465.0,6
4,17,5,1,3,2,2,1,0,1,1,24,4,2,0,57270.0,6
4,17,5,1,3,2,0,1,0,1,1,24,4,2,0,55377.0,6
4,17,5,1,3,2,0,1,5,1,1,24,4,2,0,53484.0,6
4,15,4,1,3,2,5,1,1,1,1,47,1,7,2,50030.0,6
4,9,4,1,3,2,5,1,5,1,1,24,4,2,2,44897.0,6
4,9,4,1,3,2,5,1,0,1,1,24,4,2,2,46873.0,6
4,9,4,1,3,2,5,1,0,1,1,24,4,2,0,45897.0,6
4,9,4,1,3,2,5,1,1,1,1,24,4,2,2,49029.0,6
4,9,4,1,3,2,5,1,5,1,1,24,4,2,0,43962.0,6
4,9,4,1,3,2,5,1,0,1,1,24,4,2,0,44920.0,6
2,15,4,0,1,2,2,1,0,1,1,46,1,7,0,42499.98,7
2,15,4,0,1,2,5,1,1,1,1,46,1,7,0,47499.98,7
2,16,5,1,1,2,2,1,5,1,1,46,1,7,0,51499.98,1
2,16,5,1,1,2,0,1,0,1,1,46,1,7,0,50799.98,1
4,13,5,2,0,2,2,1,0,4,2,15,4,1,0,61875.0,6
2,0,3,1,1,2,0,0,5,1,1,37,0,6,2,27599.98,6
2,9,3,1,8,2,2,1,0,1,1,42,1,7,0,37849.0,1
4,9,4,1,3,2,2,1,5,1,1,47,1,7,0,36400.0,6
2,9,3,1,1,3,0,0,0,1,1,6,3,6,0,27000.0,0
6,16,5,1,4,1,0,1,5,1,1,10,3,7,0,37999.0,8
6,18,0,3,1,2,2,1,0,3,6,50,2,4,0,91849.0,1
2,16,5,1,1,2,2,0,0,1,1,11,3,5,0,37883.01,5
3,17,5,2,3,2,2,1,0,0,0,23,4,2,0,65188.5,1
2,9,3,1,1,2,0,0,0,1,1,15,4,2,2,35643.73,1
4,17,5,2,1,2,2,1,0,1,1,47,1,7,2,59888.0,6
3,15,4,2,3,2,0,1,5,2,0,23,4,2,2,49785.79,1
2,8,3,1,4,2,0,0,5,1,1,18,3,7,0,27944.56,6
3,16,5,2,3,2,6,1,5,2,0,23,4,2,2,53503.84,1
2,15,4,1,3,2,0,1,5,1,1,46,1,7,0,35750.0,1
2,20,4,2,1,2,2,0,5,1,5,7,4,6,0,41189.89,7
2,9,4,1,0,2,0,0,0,1,1,24,4,2,0,35926.0,6
4,16,5,1,3,2,0,1,0,1,1,24,4,2,2,45432.06,6
2,8,3,1,6,2,2,0,0,1,1,6,3,6,2,29069.0,1
2,13,5,2,0,2,2,1,0,4,5,15,4,2,0,72615.49,7
2,8,3,1,0,2,2,0,5,1,1,6,3,6,0,29699.0,1
2,20,4,2,1,2,2,0,0,1,5,7,4,6,0,41805.36,7
2,20,4,0,1,2,0,0,5,1,1,38,1,7,0,33998.0,7
2,15,4,0,1,2,2,1,5,1,1,46,1,7,0,35717.95,7
2,3,3,0,4,2,0,0,2,1,1,1,3,5,0,25299.0,7
2,9,3,1,4,2,6,0,5,1,1,6,3,7,0,29999.0,1
4,16,5,1,3,2,2,1,5,1,1,45,0,6,0,39631.46,6
2,16,5,1,6,2,0,0,1,1,1,10,3,7,0,35499.0,2
3,16,5,2,3,2,2,1,0,2,0,23,4,2,2,58507.96,1
2,10,3,0,1,2,0,0,0,1,1,38,1,7,0,29675.51,7
2,3,3,0,4,2,6,0,2,1,1,1,3,5,0,23999.0,7
2,8,3,1,4,2,0,0,5,1,1,18,3,7,2,28601.6,6
2,10,3,0,6,2,2,0,1,1,1,14,4,0,2,39469.28,7
2,9,3,1,1,2,5,0,1,1,1,15,4,2,2,41130.64,1
2,15,4,1,0,2,2,1,1,1,1,46,1,7,2,45105.0,1
2,9,3,1,1,2,2,0,5,1,1,15,4,7,2,63351.2,8
3,15,4,0,0,2,2,0,0,2,7,20,3,1,0,38999.0,1
3,15,4,1,3,2,0,1,0,1,1,45,0,6,2,34145.39,6
3,15,4,0,1,2,1,0,0,2,7,20,3,1,0,38349.0,1
6,10,3,1,4,2,0,0,5,1,1,6,3,6,0,33099.0,0
2,16,5,1,6,2,6,1,0,1,1,46,1,7,2,43249.0,1
6,18,0,3,3,2,2,1,0,4,5,50,2,3,0,105863.3,1
2,9,3,1,6,2,0,0,0,1,1,11,3,1,0,29688.39,1
2,15,4,1,6,2,0,0,0,1,1,15,4,2,2,44449.0,1
2,9,3,0,2,2,0,0,0,1,1,10,3,7,2,30225.0,7
2,9,4,1,1,2,5,0,0,1,1,20,3,1,2,38399.98,6
2,9,3,1,8,2,5,0,1,1,1,14,4,0,0,34299.0,2
2,16,5,1,6,2,0,1,0,1,1,46,1,7,2,44299.0,1
2,17,5,1,6,6,5,1,0,1,1,14,4,0,2,66999.0,8
2,2,2,1,0,2,0,0,0,1,1,2,3,5,0,20199.99,7
2,16,5,2,1,7,2,1,5,1,1,23,4,2,2,47238.47,3
6,18,0,3,6,2,5,1,1,4,5,50,2,3,0,100349.0,1
2,16,5,2,1,2,2,1,1,1,1,23,4,2,2,50796.17,3
6,18,0,2,0,2,2,1,0,4,2,27,5,4,0,86999.0,6
6,18,0,3,6,2,2,1,0,4,5,49,2,3,0,91749.0,1
2,9,3,0,0,2,2,1,0,1,1,40,0,6,2,33630.0,3
2,9,3,0,0,2,5,1,1,1,1,40,0,6,2,38994.0,3
3,16,5,2,3,2,2,1,0,2,7,23,4,2,2,61637.0,1
2,9,3,1,0,2,0,1,5,1,4,14,4,6,2,71399.0,1
3,16,5,2,3,2,2,1,0,2,0,23,4,2,0,55775.61,1
3,16,5,2,3,2,5,1,5,2,7,23,4,2,2,64275.0,1
3,16,5,2,3,2,5,1,1,2,7,23,4,2,2,68232.0,1
3,16,5,2,3,2,5,1,0,2,7,23,4,2,2,66034.0,1
3,16,5,2,3,2,2,1,1,2,7,23,4,2,2,63835.0,1
4,15,4,1,1,2,2,1,1,1,1,24,4,2,0,47599.98,6
2,17,5,1,3,2,2,1,1,1,1,49,2,7,0,64026.0,1
2,4,3,0,0,2,2,0,0,1,1,0,3,5,0,39627.0,7
4,9,4,1,3,2,2,1,5,1,1,45,0,6,0,33861.0,6
6,17,5,3,3,2,5,1,0,4,5,48,2,1,2,90160.0,1
6,17,5,3,3,2,5,1,1,4,5,48,2,1,2,90392.0,1
3,15,4,2,1,2,4,0,5,2,7,15,4,2,0,58088.0,1
2,10,3,0,3,2,0,0,0,1,1,3,4,5,0,38249.0,7
4,17,5,3,6,2,5,1,0,4,2,47,1,7,2,72693.0,6
4,17,5,3,6,2,5,1,0,4,2,47,1,7,0,69664.0,6
4,15,4,1,3,2,2,1,1,1,1,47,1,7,0,46598.0,6
2,16,5,1,1,2,0,1,1,1,1,46,1,7,2,55799.98,1
4,15,4,1,1,2,2,1,5,1,1,24,4,2,2,45699.98,6
2,17,5,1,3,2,0,1,5,1,1,49,2,7,2,60703.0,1
2,12,4,1,3,2,2,0,1,1,1,15,4,2,2,57156.0,0
6,16,5,2,3,2,5,1,1,4,2,25,4,3,0,69922.0,6
2,20,4,2,0,2,0,0,1,4,5,7,4,6,2,50645.0,7
4,16,5,1,0,2,0,1,0,1,1,31,4,3,0,51199.0,6
4,17,5,2,0,2,2,1,0,1,1,32,5,4,0,80199.0,6
2,9,4,1,1,2,2,0,5,1,1,20,3,1,0,36271.0,6
4,15,4,2,3,2,0,1,0,1,1,25,4,3,0,49525.0,6
4,9,4,1,3,2,5,1,1,1,1,47,1,7,2,45413.0,6
4,9,4,1,3,2,5,1,0,1,1,47,1,7,0,42381.0,6
2,16,5,2,3,2,2,1,1,1,1,15,4,2,1,55936.0,0
4,15,4,1,1,2,2,1,5,1,1,20,3,1,2,44493.0,6
4,15,4,1,1,2,0,1,5,1,1,20,3,1,2,42518.0,6
4,15,4,1,1,2,2,1,1,1,1,20,3,1,2,47611.0,6
4,15,4,1,1,2,0,1,1,1,1,20,3,1,2,45677.0,6
4,15,4,1,1,2,0,1,5,1,1,20,3,1,2,41632.0,6
4,15,4,1,1,2,2,1,0,1,1,20,3,1,0,44533.0,6
4,15,4,1,1,2,0,1,0,1,1,20,3,1,0,42639.0,6
4,15,4,1,3,2,5,1,5,1,1,47,1,7,2,47008.0,6
4,15,4,1,1,2,0,1,0,1,1,24,4,2,2,46599.98,6
7,17,5,3,3,2,0,1,1,5,3,29,5,4,2,93426.0,1
4,15,4,1,3,2,5,1,5,1,1,20,3,1,0,43156.0,6
2,9,4,1,0,2,0,0,0,1,1,24,4,2,0,36876.51,6
2,4,3,0,0,2,6,0,0,1,1,0,3,5,2,37455.0,7
2,8,3,1,0,2,2,0,0,1,1,6,3,6,0,32914.0,1
2,16,5,1,1,2,0,0,5,1,1,24,4,2,0,39947.06,6
2,16,5,1,1,2,5,0,0,1,1,24,4,2,0,45543.51,6
2,16,5,1,1,2,0,0,1,1,1,24,4,2,0,43034.76,6
2,16,5,1,1,2,2,0,3,1,1,24,4,2,0,48438.22,6
2,16,5,1,1,2,5,0,1,1,1,24,4,2,0,47280.34,6
